train_loss,train_auc,train_pr_auc,train_bal_acc,train_f1,train_precision,train_recall,val_loss,val_auc,val_pr_auc,val_bal_acc,val_f1,val_precision,val_recall
0.10385832875634421,0.982366398926949,0.19201801466410467,0.8629360075805845,0.8784351430338597,0.7908415319005193,0.9878493397240224,0.39645324770281926,0.8652690251866642,0.15576856784672316,0.801376843243693,0.009079445145018916,0.004566789293416212,0.7659574468085106
0.06330945069226152,0.9931065436949568,0.19677218924688047,0.9311371016960475,0.9351052834746659,0.8854296241709654,0.9906862001411582,0.330608105187879,0.8594087902196959,0.15341672983577798,0.7641583993677337,0.009704179057755518,0.004888047934405551,0.6595744680851063
0.057145486163175066,0.9943088280669001,0.19730621572940119,0.9408655544496496,0.9434796436657461,0.9000889220009853,0.991265739864619,0.34634453204876564,0.8545293912267731,0.15245618320502588,0.7504731598760426,0.00898069151324652,0.004522158577027435,0.6382978723404256
0.05411599488686107,0.9947815346587264,0.19754582646875904,0.9444457202957153,0.9469279908183407,0.9061947436709815,0.9914954869295934,0.23093714528380238,0.8532914536506878,0.15132340947700396,0.766363012416547,0.014046984742068298,0.007104360607545321,0.6170212765957447
0.05225371543672539,0.995120870174103,0.1976977095689354,0.9471015353559364,0.9491462074251922,0.9103984250150389,0.9913389265297481,0.2820132966450554,0.8508624851591308,0.15021897887739968,0.7547575965558121,0.01105815061963775,0.005579068872643324,0.6170212765957447
0.05023393051117637,0.9954956752043784,0.19785984245149243,0.9494271423257756,0.9513064886610236,0.9139199609863148,0.991882289895535,0.24649508677898568,0.8479100206345056,0.14922898282906458,0.7631496849067199,0.013068949977467327,0.006604418127989069,0.6170212765957447
